ASN,Requests,Success_200
13238 YANDEX LLC,99,0
209366 SEMrush CY LTD,45,0
207990 HostRoyale Technologies Pvt Ltd,44,0
20473 AS-VULTR,22,0
6810 Bezeq- THE ISRAEL TELECOMMUNICATION CORP. LTD.,22,0
44788 Criteo Technology SAS,16,0
210743 Babbar SAS,15,0
4788 TM TECHNOLOGY SERVICES SDN. BHD.,11,0
786 Jisc Services Limited,10,0
203020 HostRoyale Technologies Pvt Ltd,6,0
"24560 Bharti Airtel Ltd., Telemedia Services",6,0
136907 HUAWEI CLOUDS,6,0
19750 AS-CRITEO,5,0
216071 Servers Tech Fzco,5,0
4134 Chinanet,5,0
58461 CT-HangZhou-IDC,5,0
54183 PEER39-ASN,5,0
51468 One.com A/S,4,0
55960 Beijing Guanghuan Xinwang Digital,4,0
7738 V tal,4,0
29066 velia.net Internetdienste GmbH,4,0
54252 SP-NYJ,4,0
22927 Telefonica de Argentina,4,0
202790 Netwifi Iletisim Hizmetleri Ltd. Sti.,4,0
7552 Viettel Group,4,0
36352 AS-COLOCROSSING,4,0
213790 Limited Network LTD,3,0
30083 AS-30083-US-VELIA-NET,3,0
4837 CHINA UNICOM China169 Backbone,3,0
51167 Contabo GmbH,3,0
31898 ORACLE-BMC-31898,3,0
28573 Claro NXT Telecomunicacoes Ltda,3,0
25369 Hydra Communications Ltd,3,0
12389 Rostelecom,3,0
5089 Virgin Media,3,0
12716 A1 Bulgaria EAD,3,0
397630 AS-BLAZINGSEO,3,0
16019 Vodafone Czech Republic a.s.,3,0
47331 Turk Telekom,3,0
9299 Philippine Long Distance Telephone Company,3,0
12322 Free SAS,3,0
396097 SAIL-INET,3,0
20677 imos Gesellschaft fuer Internet-Marketing und Online-Services mbH,3,0
21928 T-MOBILE-AS21928,3,0
26615 TIM SA,3,0
21001 Netka Telekom LLC,3,0
17809 VEE TIME CORP.,3,0
27738 Ecuadortelecom S.A.,3,0
51973 Koltushsky Internet Ltd,3,0
262468 Natel Telecom Ltda. - ME,3,0
8167 V tal,2,0
9534 Binariang Berhad,2,0
28855 Octopuce s.a.r.l.,2,0
4804 Microplex PTY LTD,2,0
25513 PJSC Moscow city telephone network,2,0
8452 TE Data,2,0
23969 TOT Public Company Limited,2,0
29695 Lyse Tele,2,0
7303 Telecom Argentina S.A.,2,0
28343 UNIFIQUE TELECOMUNICACOES SA,2,0
3269 TIM,2,0
46606 UNIFIEDLAYER-AS-1,2,0
202004 GreenLan Fiber Sp. z o.o. Sp.k.,2,0
135760 Speednet Unique Network Pvt Ltd,2,0
6802 Bulgarian Research and Education Network Association (BREN),2,0
199064 QWANT SAS,2,0
4766 Korea Telecom,2,0
26599 TELEFONICA BRASIL S.A,2,0
27699 TELEFONICA BRASIL S.A,2,0
6724 Strato GmbH,2,0
48282 Hosting technology LTD,2,0
58519 Cloud Computing Corporation,2,0
45899 VNPT Corp,2,0
29256 Syrian Telecommunication Private Closed Joint Stock Company,1,0
24309 Atria Convergence Technologies Pvt. Ltd. Broadband Internet Service Provider INDIA,1,0
134630 PT Palapa Global Nusantara,1,0
267933 IBIPAR SA,1,0
137959 Vision Technologies Ltd.,1,0
47692 Nessus GmbH,1,0
8369 Intersvyaz-2 JSC,1,0
203214 Hulum Almustakbal Company for Communication Engineering and Services Ltd,1,0
133982 Excitel Broadband Private Limited,1,0
199739 Earthlink Telecommunications Equipment Trading & Services DMCC,1,0
401116 NYBULA,1,0
3816 COLOMBIA TELECOMUNICACIONES S.A. ESP BIC,1,0
17639 Converge ICT Solutions Inc.,1,0
38466 U Mobile Sdn Bhd,1,0
141998 China Telecom,1,0
27897 UNIVERSIDAD DE SANTIAGO DE CHILE,1,0
"5610 O2 Czech Republic, a.s.",1,0
11320 LIGHTEDGE-AS-02,1,0
205964 UAB code200,1,0
18403 FPT Telecom Company,1,0
24547 Hebei Mobile Communication Company Limited,1,0
197706 Keminet SHPK,1,0
"149428 Code200, UAB",1,0
212238 Datacamp Limited,1,0
60223 Netiface Limited,1,0
6697 Republican Unitary Telecommunication Enterprise Beltelecom,1,0
42922 KaspNet Ltd.,1,0
48090 Techoff Srv Limited,1,0
28656 BTT TELECOMUNICACOES S.A.,1,0
8829 ElmoNet Oy,1,0
58772 CHINANET Fujian province Fuzhou IDC network,1,0
44546 ALFA TELECOM s.r.o.,1,0
17072 TOTAL PLAY TELECOMUNICACIONES SA DE CV,1,0
132771 Fibre Air Services Private Limited,1,0
7018 ATT-INTERNET4,1,0
7713 PT Telekomunikasi Indonesia,1,0
51430 AltusHost B.V.,1,0
198589 Al-Jazeera Al-Arabiya Company for Communication and Internet LTD,1,0
269633 LCE TELECOM,1,0
138025 RBC Cable Master System,1,0
263608 WSNET TELECOM LTDA ME,1,0
24955 JSC Ufanet,1,0
"11172 Alestra, S. de R.L. de C.V.",1,0
135089 China Telecom,1,0
25019 Saudi Telecom Company JSC,1,0
51758 ProcoliX B.V.,1,0
6621 HNS-DIRECPC,1,0
24812 NPK Home-Net Ltd.,1,0
15735 GO p.l.c.,1,0
"41039 Timer, LLC",1,0
211210 Korabi-net Shpk,1,0
58678 Intech Online Private Limited,1,0
6057 Administracion Nacional de Telecomunicaciones,1,0
206011 Freedom LLC,1,0
15924 Vodafone Net Iletisim Hizmetler AS,1,0
34984 Superonline Iletisim Hizmetleri A.S.,1,0
50300 CustodianDC Limited,1,0
8151 UNINET,1,0
45609 Bharti Airtel Ltd. AS for GPRS Service,1,0
52898 Multipla Servicos Inteligentes,1,0
21334 One Hungary Ltd.,1,0
266422 Atus Servicos e Comercio de Produtos de Informatic,1,0
50581 Ukrainian Telecommunication Group LLC,1,0
4540 ASN01-SOGE,1,0
268573 GNET TELECOM SERVICOS COMUNICACAO LTDA,1,0
55836 Reliance Jio Infocomm Limited,1,0
680 Verein zur Foerderung eines Deutschen Forschungsnetzes e.V.,1,0
263269 RAGTEK TECNOLOGIA,1,0
262427 Invista Net Provedor de Acesso Ltda,1,0
132116 Ani Network Pvt Ltd,1,0
197522 Kaluska informatsiyna merezha LLC,1,0
16735 ALGAR TELECOM SA,1,0
268648 ABQUECIA BARBOSA DA SILVA,1,0
43766 Mobile Telecommunication Company Saudi Arabia Joint-Stock company,1,0
266080 NOVA FIBRA,1,0
15895 Kyivstar PJSC,1,0
8346 SONATEL SONATEL-AS Autonomous System,1,0
27284 FOURPLEX-ASN,1,0
262851 PLIM TELECOMUNICACOES LTDA-ME,1,0
266454 EXPAND TELECOM LTDA,1,0
6799 OTEnet S\.A\.,1,0
28598 DB3 SERVICOS DE TELECOMUNICACOES S.A,1,0
28649 Desktop Sigmanet Comunicacao Multimidia SA,1,0
262481 VERO S.A,1,0
270052 STARTELECOM S.A.,1,0
22709 NSTELCO,1,0
14593 SPACEX-STARLINK,1,0
137599 Shree Manoranjan Broadband Pvt. Ltd.,1,0
36947 Telecom Algeria,1,0
264009 INFIX TELECOM LTDA,1,0
265393 FIRENET SERVICOS DE TELECOMUNICACOES LTDA,1,0
53230 Clean Net Telecom Ltda,1,0
17511 OPTAGE Inc.,1,0
8473 Bahnhof AB,1,0
265475 MUVNET TELECOM,1,0
1267 Wind Tre S.p.A.,1,0
4800 PT Aplikanusa Lintasarta,1,0
263595 ALB Internet & Informatica Ltda - ME,1,0
12975 Palestine Telecommunications Company (PALTEL),1,0
51500 Servisnet Ltd.,1,0
18881 TELEFONICA BRASIL S.A,1,0
265743 COMERCIAL WASHINGTON ERNESTO OYARCE SAZO E.I.R.L. SENALMAX,1,0
149584 SCNSKY DIGITAL OPC PRIVATE LIMITED,1,0
273414 Bignet Telecom LTDA,1,0
266381 Galax Telecom,1,0
262293 Sistema Oeste de Servicos LTDA,1,0
269597 STALKER ENGENHARIA EIRELI,1,0
52932 Fibron Telecom,1,0
136323 Ngc Broadband Pvt. Ltd.,1,0
15557 Societe Francaise Du Radiotelephone - SFR SA,1,0
1136 KPN B.V.,1,0
266210 ROBERTA ROSSATTO FRANCISCO - ME,1,0
266332 PRESTEL SERVICOS EIRELI,1,0
267578 WILLIAN MENDES DE OLIVEIRA ME,1,0
812 ROGERS-COMMUNICATIONS,1,0
11664 Techtel LMDS Comunicaciones Interactivas S.A.,1,0
264567 JOSE DAS GRACAS SOARES DE LIMA EIRELI,1,0
265006 Silva E Silva telecom Ltda. Me.,1,0
270756 ILAILDO SILVA DO NASCIMENTO,1,0
13285 TalkTalk,1,0
9318 SK Broadband Co Ltd,1,0
